run,time_ms
1,536.5720000118017
2,517.6389999687672
3,516.5869999909773
4,529.1935000568628
5,521.86899993103
6,650.0058000674471
7,496.60680000670254
8,490.95799995120615
9,495.9783999947831
10,488.8010999420658
11,512.6341000432149
12,510.47599990852177
13,511.41600008122623
14,512.2951000230387
15,647.4937000311911
16,528.5495000425726
17,503.04960005450994
18,495.4346000449732
19,499.49479999486357
20,501.5133999986574
21,498.65139997564256
22,492.8688000654802
23,552.1758999675512
24,518.133100005798
25,506.98930001817644
26,517.0020000077784
27,509.5037999562919
28,569.0126999979839
29,490.53559999447316
30,494.4334999890998
31,500.0938999000937
32,495.68350007757545
33,491.564100026153
34,497.83420003950596
35,541.5829000994563
36,516.3122999947518
37,511.27800007816404
38,510.86259994190186
39,508.71109997387975
40,538.8433000771329
41,493.6284999130294
42,492.3911999212578
43,495.6844999687746
44,508.81459994707257
45,504.9414000241086
46,505.4695999715477
47,513.4088000049815
48,509.0394999133423
49,519.1756000276655
50,513.6738000437617
51,554.7665000194684
52,494.1959000425413
53,509.5854999963194
54,497.09289998281747
55,491.51500000152737
56,487.6444999827072
57,494.84969989862293
58,563.0450999597088
59,502.8528000693768
60,544.2312000086531
61,510.5445000808686
62,525.2480000490323
63,519.2751000868157
64,496.87710008583963
65,499.9701000051573
66,494.95050008408725
67,494.71349990926683
68,503.223399980925
69,505.54500008001924
70,521.6615999815986
71,514.7583000361919
72,510.187599924393
73,517.6659999415278
74,506.4538000151515
75,517.8953000577167
76,490.2982999337837
77,496.5312998974696
78,506.4217000035569
79,497.0612999750301
80,494.2155999597162
81,513.9201000565663
82,515.31199994497
83,510.8146999264136
84,512.8150000236928
85,507.7896999428049
86,514.4753999775276
87,511.6111000534147
88,493.75629995483905
89,493.1073999032378
90,513.7301000067964
91,496.5665000490844
92,503.2262000022456
93,618.9845000626519
94,651.5317999292165
95,512.591400067322
96,602.2564999293536
97,514.5303000463173
98,575.1872999826446
99,501.882900018245
100,499.7361999703571
101,510.3436999488622
102,508.8203999912366
103,507.9880999401212
104,557.1010001003742
105,560.0098998984322
106,521.5925000375137
107,530.0178000470623
108,519.8478000238538
109,517.6725999917835
110,538.1768000079319
111,493.73069999273866
112,500.48209994565696
113,604.3687999481335
114,532.6777999289334
115,517.1969000948593
116,543.4587999479845
117,520.3513000160456
118,527.1804999792948
119,524.0165999857709
120,517.7103000460193
121,511.776200029999
122,497.99390009138733
123,509.97810007538646
124,504.2511000065133
125,519.0195000031963
126,568.6878999695182
127,533.2819999894127
128,527.6197000639513
129,543.1515999371186
130,542.7775999996811
131,528.982299962081
132,540.7639000331983
133,510.06890006829053
134,517.6415999885648
135,512.3301999410614
136,519.6057999273762
137,501.3506000395864
138,518.971599987708
139,524.7994000092149
140,522.1657999791205
141,522.4321000277996
142,524.6973999310285
143,540.3606999898329
144,515.2852999744937
145,495.17579993698746
146,498.47940006293356
147,508.2758000353351
148,487.4981000320986
149,512.535099987872
150,547.831500065513
151,535.5660999193788
152,513.3157999953255
153,516.8126999633387
154,515.3629999840632
155,524.6257000835612
156,514.7393000079319
157,508.6060999892652
158,513.1508000195026
159,510.28300006873906
160,526.2048000004143
161,526.7880000174046
162,553.4457999747247
163,514.297700021416
164,521.7617000453174
165,517.3358999891207
166,532.8909000381827
167,666.4727999595925
168,500.61320001259446
169,499.547699932009
170,520.3628999879584
171,507.3874000227079
172,489.8943000007421
173,500.578899984248
174,516.8762999819592
175,512.3413000255823
176,505.9144999831915
177,516.7038000654429
178,506.85030000749975
179,537.7963000210002
180,501.81559997145087
181,497.9516000021249
182,503.96360002923757
183,510.4022999294102
184,507.1908999234438
185,543.0402999045327
186,595.2401000540704
187,539.4069000612944
188,540.0289000244811
189,515.7355000264943
190,522.0885999733582
191,494.64539997279644
192,514.2060000216588
193,517.0487000141293
194,516.4220000151545
195,497.9637000942603
196,536.7092000087723
197,520.942399976775
198,518.5766000067815
199,526.0454000672325
200,520.7739999750629
201,522.7192000020295
202,501.11939990893006
203,500.2450000029057
204,498.1865999288857
205,556.2626000028104
206,677.7012000093237
207,676.9782999763265
208,679.5850000344217
209,650.6221999879926
210,662.8402000060305
211,753.3360000234097
212,795.1214000349864
213,955.183899961412
214,648.3938000164926
215,652.7000999776646
216,684.4815999502316
217,655.7733999798074
218,701.8587000202388
219,682.18640005216
220,661.3193000666797
221,667.8594000404701
222,685.4613000759855
223,677.8082998935133
224,648.7561999820173
225,685.6171999825165
226,646.6368000255898
227,689.8467000573874
228,687.896899995394
229,720.2064999146387
230,725.0975000206381
231,703.2953000161797
232,657.6896000187844
233,647.472899989225
234,673.798399977386
235,646.797199966386
236,680.1605999935418
237,655.1587000722066
238,657.3047999991104
239,671.5785999549553
240,659.1517999768257
241,632.0530000375584
242,649.9811999965459
243,650.7429999765009
244,671.2092000525445
245,661.3933000480756
246,658.1208000425249
247,684.5641999971122
248,708.7790999794379
249,693.1449000257999
250,699.9135999940336
251,689.9968000361696
252,683.1945000449196
253,683.1610999070108
254,706.9150999886915
255,666.8436999898404
256,688.9992000069469
257,646.5041999472305
258,653.6445999518037
259,690.9651999594644
260,597.1038999268785
261,540.2786999475211
262,548.624400049448
263,540.3165000025183
264,541.376099921763
265,539.5288999425247
266,539.9576999479905
267,524.9218000099063
268,528.4996000118554
269,506.4454999519512
270,512.023099930957
271,527.1663999883458
272,521.560600027442
273,540.9166000317782
274,546.0254000499845
275,569.6213999763131
276,546.2946000043303
277,531.0748000629246
278,501.6530998982489
279,514.966299990192
280,520.6352000823244
281,528.0993999913335
282,511.12739997915924
283,500.89350005146116
284,532.6254999963567
285,597.1555999713019
286,535.5350999161601
287,526.0169999673963
288,536.1998999724165
289,537.5717000570148
290,516.1089999601245
291,513.5027999058366
292,509.3970000743866
293,502.6328999083489
294,513.8013999676332
295,525.4896000260487
296,530.0218999618664
297,525.7577000884339
298,546.9231000170112
299,529.2766999918967
300,534.5678000012413
301,514.7600999334827
302,605.5224000010639
303,519.31790006347
304,512.9211000166833
305,511.95029995869845
306,514.2444999655709
307,528.2197999767959
308,530.0981999607757
309,541.2286999635398
310,536.7133000399917
311,549.4556999765337
312,523.6272999318317
313,514.0531999059021
314,499.91249991580844
315,519.7358001023531
316,508.1562000559643
317,513.5544999502599
318,530.4663999704644
319,554.922700044699
320,528.6390000255778
321,524.0806000074372
322,545.2349999686703
323,542.2737000044435
324,521.4914000825956
325,505.4414999904111
326,523.6435000551865
327,514.2464999807999
328,510.47650002874434
329,516.7687000939623
330,523.3330000191927
331,543.953699991107
332,535.5930000077933
333,549.9628999968991
334,541.4090999402106
335,524.7281000483781
336,515.576499979943
337,508.39640002232045
338,518.0548999924213
339,507.67600000835955
340,507.81239999923855
341,535.9675999497995
342,537.7785000018775
343,539.2162000061944
344,555.0702000036836
345,549.064900027588
346,547.7445999858901
347,543.8868999481201
348,515.310600050725
349,520.4379000933841
350,520.8824999863282
351,515.3060000156984
352,556.4440001035109
353,545.562700019218
354,536.5390999941155
355,546.6452999971807
356,531.5584000200033
357,523.7246999749914
358,514.3728000111878
359,518.8382000196725
360,517.6242999732494
361,505.635799956508
362,508.56759992893785
363,516.3771000225097
364,543.8518000300974
365,528.7371999584138
366,534.8249999806285
367,533.7027999339625
368,530.9460000135005
369,528.3486999105662
370,504.17049997486174
371,543.5366999590769
372,503.2306000357494
373,513.0557999946177
374,498.03159991279244
375,524.6915000025183
376,528.2443999312818
377,542.0459000160918
378,558.7988999905065
379,533.8138000806794
380,526.5593000221997
381,515.5167001066729
382,552.8472999576479
383,522.8429000126198
384,512.7646999899298
385,517.1808999730274
386,528.6897999467328
387,544.4066999480128
388,616.7806999292225
389,547.5480000022799
390,539.3927999539301
391,541.7914000572637
392,533.2024999661371
393,528.7827999563888
394,519.3614999298006
395,531.6856999415904
396,514.2495000036433
397,522.9224000358954
398,543.2860000291839
399,545.9778000367805
400,533.3584999898449
401,550.3260999685153
402,541.7019999586046
403,544.0993000520393
404,525.7757001090795
405,561.3231000024825
406,519.1170000471175
407,523.5625000204891
408,513.9326999196783
409,527.280900045298
410,548.311399994418
411,541.0211000125855
412,543.3207000605762
413,557.4540999950841
414,543.296999996528
415,646.5041000628844
416,658.7828999618068
417,561.3246000139043
418,662.601099931635
419,548.7171999411657
420,561.9821000145748
421,590.3952999506146
422,533.6575999390334
423,543.8963000196964
424,531.5452999202535
425,526.1614999035373
426,515.6235999893397
427,517.0781000051647
428,508.5393999470398
429,537.1444000629708
430,514.6718999603763
431,548.2981000095606
432,526.2849000282586
433,534.5258000306785
434,544.8367000790313
435,543.7494999496266
436,545.2895000344142
437,509.36789996922016
438,559.2955000465736
439,532.039099955
440,512.0657000225037
441,554.314500070177
442,551.7241000197828
443,538.563400041312
444,530.3528000367805
445,542.5691000418738
446,548.4665000112727
447,554.4338999316096
448,517.8333999356255
449,522.7138999616727
450,528.2067999942228
451,517.9000999778509
452,518.0474000517279
453,538.7662999564782
454,534.5209999941289
455,590.6454999931157
456,540.9625000320375
457,553.0479999724776
458,539.5037000998855
459,525.1916999695823
460,525.1869999337941
461,509.6206999151036
462,519.9228000128642
463,512.5086000189185
464,543.311299989
465,672.6065999828279
466,664.2917999997735
467,614.6799999987707
468,594.314799993299
469,530.854900018312
470,518.4375999961048
471,570.101400022395
472,527.7779999887571
473,515.9050000365824
474,522.8752000257373
475,527.4443000089377
476,611.9659000542015
477,548.3012000331655
478,533.3664999343455
479,545.5147000029683
480,538.089899928309
481,520.4112000064924
482,514.0991000225767
483,508.9249999728054
484,519.1865999950096
485,531.4067000290379
486,534.2874999623746
487,539.1685999929905
488,545.6331999739632
489,546.7266000341624
490,562.3447999823838
491,544.1772000631317
492,528.9545999839902
493,511.64550008252263
494,518.3445999864489
495,537.231900030747
496,529.248800012283
497,518.1249999441206
498,546.9618000788614
499,539.2084999475628
500,546.1522999685258
